name,formatted_address,formatted_phone_number,website
Contours Express Women's Gym Bishan,"260 Bishan Street 22, #B1-295, Singapore 570260",6458 6386,http://www.contoursexpress.com.sg/
Bishan ActiveSG Gym,"5 Bishan Street 14, Singapore 579783",6353 9238,http://activesg.sg/
Anytime Fitness Ang Mo Kio,"4190, #01-02 Ang Mo Kio Ave 6, Broadway Plaza, Singapore 569841",8388 5213,https://www.anytimefitness.sg/gyms/sg-0008/singapore-north-east-singapore-569841/
GYMMBOXX Bishan,"51 Bishan Street 13 #04-01/02 Bishan CC, Singapore 579799",,
"True Fitness (Djitsun Mall, Ang Mo Kio)","5 Ang Mo Kio Central 2, #04-01 Djitsun Mall, Singapore 569663",6758 9555,http://truefitness.com.sg/
Yio Chu Kang ActiveSG Gym,"200 Ang Mo Kio Ave 9, Singapore 569770",6483 9370,https://www.myactivesg.com/facilities/yio-chu-kang-sports-centre
Toa Payoh ActiveSG Gym,"301 Lor 6 Toa Payoh, Singapore 319392",6259 2916,https://www.myactivesg.com/facilities/toa-payoh-activesg-gym
Dynamic Fitness Gym,"48 Yio Chu Kang Rd, Singapore 545559",9233 2776,
Yio Chu Kang ActiveSG Gym,"214 Ang Mo Kio Ave 9, Singapore 569770",6483 9370,https://www.myactivesg.com/Facilities/yio-chu-kang-activesg-gym
Pure Fitness Ocean Financial Centre,"10 Collyer Quay, L4 Ocean Financial Centre, Singapore 049315",6100 8868,http://www.pure-fitness.com/singapore/
Contours Express Women's Gym Serangoon,"253 Serangoon Central Dr, #02-227, Singapore 550253",6287 7977,http://www.contoursexpress.com.sg/
Field Assembly Clarke Quay,"39 Carpenter Street, Levels 1, 3 & 4, Singapore 059918",6536 5053,http://www.fieldassembly.co/
T1T4N Running Track & Field,"35 Ang Mo Kio Ave 6, Singapore 569835",,
Gym Brigade,"480 Upper Serangoon Rd, Singapore 534515",8817 1303,https://gymbrigade.net/
Parkour Singapore: Kraken Gym,"1 Pemimpin Dr, #02-05, Singapore 576151",9690 1159,http://www.moveacademy.sg/
Gold's Gym Personal Training - Upper Thomson,"21 Jasmine Rd, Singapore 576587",8153 7888,http://www.goldsgym.com.sg/
The Little Gym of Singapore East,"6 Raffles Blvd, 164 Marina Square, #03-163, Singapore 039594",6336 9734,http://www.thelittlegym.com.sg/
Platinum Fitness Singapore | OUE Downtown,"6A Shenton Way, #B1-04/05 OUE Down Town, Singapore 068815",8445 5439,https://platinum-fitness-singapore.business.site/?utm_source=gmb&utm_medium=referral
Anytime Fitness Greenwich,"#02-05/06 Greenwich V, 1 Seletar Rd, Singapore 807011",9898 7161,https://www.anytimefitness.sg/
Gravity,"CapitaGreen #38-01, 138 Market St, Singapore 048946",6653 9988,http://www.gravityclub.com/
Calisthenics Sg,"45 Burghley Dr, Singapore 559002",9387 7527,
The PIT Singapore,"123 Devonshire Rd, Singapore 239883",6222 4860,http://www.pitpersonaltrainer.com.sg/
Rep Fitness Singapore,"456 Joo Chiat Rd, Singapore 427669",6344 6284,
The Right Fit,"45 Burghley Dr, #01-10/11, Singapore 559022",6283 9057,
Centum Gymfit,"18 Sin Ming Ln, #06-07 Midview City, Singapore 573960",8668 6820,
The Loft Gym,"141 Middle Rd, #01-02, Singapore 188976",9247 7460,https://loftgym.com/
Anytime Fitness nex,"23 Serangoon Central, #04-73/74/75 nex, Serangoon Central, Central Singapore, Singapore 556083",6555 3400,http://www.anytimefitness.sg/gyms/SG-0010/singapore-central-singapore-556083
Anytime Fitness Upper Thomson,"246R Upper Thomson Rd, #01-01, Singapore 574370",9663 0246,https://www.anytimefitness.sg/gyms/sg-0069/upper-thomson-central-singapore-574370/
Fitness Bravo Singapore,"762 North Bridge Rd, Singapore 198730",9799 0517,http://www.fitnessbravo.sg/
Iron Fitness Singapore,"6 Lor 1 Geylang, Singapore 389117",,http://www.ironfitnesssingapore.com.sg/
SBST GYM,"15 Ang Mo Kio Street 63, Singapore 569117",8158 8896,
Anytime Fitness Serangoon Garden,"53 Serangoon Garden Way, Singapore 555949",8767 6016,https://www.anytimefitness.sg/gyms/sg-0052/serangoon-gardens-central-singapore-555949/
Actualize CrossFit,"315 Jln Besar, Singapore 208973",9168 6527,https://www.actualizecrossfit.com/
The Little Gym,"FORUM The Shopping Mall, B1-24, 583 Orchard Road, Singapore 238884",6238 6331,http://www.thelittlegym.com.sg/
play ground,"Block 231 3, 631 Ang Mo Kio Ave 4, Block 631 HDB Ang Mo Kio Avenue 4, Singapore 560631",,http://www.mon.com/
EXTREMER GYM PTE. LTD.,"116 Yio Chu Kang Rd, Singapore 545582",8484 7729,http://www.extremergym.sg/
24XFITNESS Bugis,"112 Middle Rd, #02-00, Singapore 188970",9828 3461,http://24xfitness.com.sg/
Gold's Gym Personal Training - Farrer Park,"2 Tessensohn Rd, Singapore 217646",8153 7888,http://www.goldsgym.com.sg/
Genesis Gym - Personal Training Singapore,"Katong Shopping Centre, Annexe Block #04-01, 865 Mountbatten Rd, Singapore 437844",9337 4188,https://genesisgym.com.sg/katong/
Results Personal Training (Singapore) - Yio Chu Kang,"15 Dedap Link, Singapore 809560",8503 7888,http://www.pt.com.sg/
Ritual Gym Raffles Place,"11 N Canal Rd, #03-01, Singapore 048824",6536 7291,http://www.ritualgym.com/
F1 Recreation,"20 Sin Ming Ln, #01-57 Midview City, Singapore 573968",6846 7666,http://www.f1-recreation.com.sg/
Anytime Fitness Kovan,"JForte Sportainment Centre, 50 Hougang Ave 1, Level 2, Singapore 538885",6280 8800,https://www.anytimefitness.sg/gyms/SG-0044/singapore-north-east/
United Muay Thai,"213 Upper Thomson Rd, #04-01, Singapore 574348",9270 6848,http://www.facebook.com/unitedmuaythai
Ritual Gym Holland Village,"17B Lor Liput, #02-01, Singapore 277747",6463 4690,http://www.ritualgym.com/
Results Personal Training (Singapore) - Upper Thomson,"21 Jasmine Rd, Singapore 576587",3110 5888,http://www.pt.com.sg/
KAPAP Singapore,"226 Upper Thomson Rd, Singapore 574358",6204 4376,
Genesis Gym - Personal Training Singapore,"354, #01-06 Alexandra Rd, Alexis, Singapore 159948",9337 4188,https://genesisgym.com.sg/alexandra/
Taponomics Singapore,Singapore,,
Cut Gym Singapore,"144 Neil Rd, Singapore 088873",9823 2581,https://cutgym.com.sg/
JR Muay Thai,"45 Jln Pemimpin, Admin Office, Singapore 577197",,https://jrmuaythai.com/
Amore Fitness & Boutique Spa,"The Atrium @ Orchard, 60A Orchard Rd, #04-53, Singapore 238890",6733 7333,http://www.amorefitness.com/
Elevate 360,"9A Kensington Park Rd, Garden Estate, Singapore 557261",8776 5466,http://www.elevate360.com.sg/
Pilates Fitness - Serangoon Garden Way Pilates Reformer Studio,"Serangoon Garden Way, 85A, Singapore 555981",9184 7622,http://www.pilatesfitness.com.sg/
Zen Martial Arts and Fitness,"20 Sin Ming Lane, #03-61/62, Midview City, Singapore 573968",9227 8823,
Anytime Fitness Balestier,"288 Balestier Road Balestier, Central, Singapore 329731",8714 9366,https://anytimefitness.sg/gyms/SG-0016/balestier-central-singapore-329731
Virgin Active Raffles Place,"1 Raffles Place, Singapore 048616",6908 7878,http://www.virginactive.com.sg/
Sky Gym Pte Ltd - Serangoon Gardens Branch,"45 Burghley Dr, #01-05/06, 559020 block c, Singapore 559020",6487 6620,
My Gym,"180 Kitchener Rd, #B2-47/48, Singapore 208539",6238 9828,http://mygym.com.sg/
Fighter Fitness MMA Singapore - Hillview,"63 Hillview Ave, #09-04, Singapore 669569",6684 3055,http://www.fighterfitness.sg/
Virgin Active Holland Village,"Raffles Holland V, 118 Holland Avenue, #03-05, Singapore 278997",6911 0300,http://www.virginactive.com.sg/
A fitness corner project by Ang Mo Kio - Yio Chu Kang Town Council,"436 Ang Mo Kio Ave 10, Block 436, Singapore 560436",,
Zeus Fitness Singapore,"258 Geylang Rd, Singapore 389314",,http://facebook.com/ZeusFitnessSingapore/
True Yoga Pacific Plaza,"9 Scotts Rd, Singapore 228210",6733 9555,http://www.trueyoga.com.sg/
Energia Fitness,"30 Merchant Rd, #04-11/12 Riverside Point, Singapore 058282",6226 2777,http://www.energiafitness.sg/
"True Fitness (Djitsun Mall, Ang Mo Kio)","5 Ang Mo Kio Central 2, #04-01 Djitsun Mall, Singapore 569663",6758 9555,http://truefitness.com.sg/
True Fitness,"1 Maritime Square, #13-02 HarbourFront Centre, Singapore 099253",6278 3000,http://www.truefitness.com.sg/
True Fitness,"1 Kim Seng Promenade, #03 - 115, Singapore 237994",6235 9622,http://www.truefitness.com.sg/
Abvolution Wellness,"14 Ang Mo Kio Ind Park 2, #03-04, Singapore 569503",9730 5803,http://www.abvolution.sg/
Innervate Fitness,"994 Bendemeer Rd, #01-04 B Central, Singapore 339943",9788 7859,http://www.innervatefit.com/
Anytime Fitness Toa Payoh,"BLK, 190 Lor 6 Toa Payoh, #03-512, Singapore 310190",8379 8092,https://www.anytimefitness.sg/gyms/sg-0017/singapore-central-singapore-310190/
BEATX Studio,"20 Cecil St, #06-03 PLUS, Singapore 049705",6535 3572,http://beatxstudio.com/
AMKSS Gym,"Ang Mo Kio, Singapore",6454 8605,http://angmokiosec.moe.edu.sg/
Crestar Fitness Upper Thomson,"301 Upper Thomson Rd, #03-24A Thomson Plaza, Singapore 574408",6553 6450,
"True Fitness (Djitsun Mall, Ang Mo Kio)","5 Ang Mo Kio Central 2, #04-01 Djitsun Mall, Singapore 569663",6758 9555,http://truefitness.com.sg/
True Fitness,"1 Maritime Square, #13-02 HarbourFront Centre, Singapore 099253",6278 3000,http://www.truefitness.com.sg/
True Fitness,"1 Kim Seng Promenade, #03 - 115, Singapore 237994",6235 9622,http://www.truefitness.com.sg/
Abba Gym and Sports,"33 Bishan Street 21, Singapore 579801",9388 4349,
Anytime Fitness Buangkok,"Hougang Green Shopping Mall, 21 Hougang Street 51, #02-13A, Singapore 538719",8555 3059,https://www.anytimefitness.sg/gyms/sg-0046/singapore-central-singapore-538719/
Pure Fitness Ngee Ann City,"Level 8 Ngee Ann City Podium Block, 391 Orchard Road, Singapore 238872",6100 8898,http://www.pure-fitness.com/
Anytime Fitness Hougang,"51 Hougang Ave 9, #04-01 Ci Yuan Community Club, Singapore 538776",9432 2807,https://www.anytimefitness.sg/gyms/sg-0031/hougang-north-east-538776/
Delta ActiveSG Gym,"900 Tiong Bahru Rd, Singapore 158790",,https://www.myactivesg.com/facilities/delta-sports-centre
Ultimate Performance Personal Trainers Singapore,"8 Cross Street Ground Floor, Singapore 048424",6536 8649,https://www.upfitness.com.sg/
Anytime Fitness Valley Point,"Valley Point Shopping Centre 491, #02-02 River Valley Rd, Singapore 248371",6737 0121,http://www.anytimefitness.sg/gyms/sg-0005/singapore-central-singapore-248371
Fight Zone AMK Hub,"53 Ang Mo Kio Ave 3, #03-14, Singapore 569933",6904 5612,http://www.fightzonesg.com/
Platinum Yoga Ang Mo Kio,"51 Ang Mo Kio Ave 3, #02-01, Singapore 569922",6259 5432,https://platinumyoga.com/ang-mo-kio-2/
Yoga Seeds,"1384 Ang Mo Kio Ave 1, 2, Singapore 569932",8322 1251,http://www.yogaseeds.com.sg/
Align Studio,"Blk 342, #03-1561, Ang Mo Kio Ave 1, Singapore 560342",8363 6133,http://www.alignstudio.sg/
Iyengar Yoga Centre Singapore,"1 Goldhill Plaza #02-31 (Podium Block, Singapore 308899",6356 5202,http://www.iyengaryoga.sg/
Hom Yoga Orchard,"181 Orchard Rd, #06-12/13, Singapore 238896",6238 0101,https://www.homyoga.com/
Yoga Inc.,"100 Guillemard Rd, #01-08, Singapore 399718",9326 1789,http://www.yogainc.sg/rates
Yoga Inc. Tiong Bahru,"21 Yong Siak St, Singapore 168651",9092 3922,http://www.yogainc.sg/
Yoga Inc. Punggol,"9 Sentul Cres, #01-03, Singapore 828654",9799 0818,http://www.yogainc.sg/
"Isha Yoga Center, Singapore","5008 Ang Mo Kio Ave 5, #05-14/15/16 Techplace II, Singapore 569874",6100 4064,https://ishayoga.sg/
Shiva Yoga Studio,"159B New Bugis St, Singapore 188434",6336 2060,http://www.shivayoga.com.sg/
All About Yoga,"30 Tai Seng St, #08-04 BreadTalk IHQ, Singapore 534013",6501 9380,http://www.allaboutyoga.com.sg/
Yoga Mala,"49A Circular Rd, Singapore 049404",8498 1649,http://www.yogamala.com.sg/
Freedom Yoga,"137 Cecil St, #13-01, Singapore 069537",6222 6096,http://www.freedomyoga.sg/
Freedom Yoga,"25E Lor Liput, Singapore 277736",6463 4993,http://freedomyoga.sg/
Om Shiva Yoga & Ayurveda @ Horsecity,"100 Turf Club Rd, Singapore 287992",9090 2257,http://www.omshivayoga.com/
Platinum Yoga Suntec City Mall,"#02-462-466, Suntec City Mall, 3 Temasek Blvd, Singapore 038983",6837 0234,https://www.platinumyoga.com/suntec-city/
The Yoga Mandala,"134B Telok Ayer St, Singapore 068600",6221 6683,http://www.theyogamandala.com.sg/
Ohmsantih Yoga,"50 Bussorah St, Singapore 199466",9336 2556,http://www.ohmsantih.com/
Club Yoga,"28b Hongkong St, Singapore 059667",6909 2080,http://www.clubyoga.sg/
The Yoga Co.,"723A North Bridge Rd, Singapore 198691",9624 9705,https://theyoco.com/
Vyasa Yoga & Ayurveda Singapore Pte Ltd,"60 Tessensohn Rd, Singapore 217664",9626 2425,http://www.vyasasingapore.com/
Art of Yoga,"121 Upper East Coast Rd, Singapore 455245",9863 9610,http://www.artofyoga.sg/
Yoga Movement,"1a Lor Telok, Singapore 049014",,http://www.yogamovement.com/
Yoga Movement Tanjong Pagar,"21 Tg Pagar Rd, #02-01, Singapore 088444",8139 9296,http://www.yogamovement.com/
Yoga Movement Orchard 22,"22 Orchard Rd, #02-01, Singapore 238885",6883 2209,http://www.yogamovement.com/
Sweatbox Yoga,"200 Turf Club Road #05-03/04, The Grandstand, Singapore 287994",6468 0836,http://sweatboxyoga.com.sg/
Real Yoga - Toa Payoh,"600 @ Toa Payoh Lorong 4 Toa Payoh #02-03, Singapore 319515",6258 5118,http://www.realyoga.com.sg/
Anahata Yoga,"4A Haji Ln, Singapore 189197",,http://anahatayoga.sg/web/
Ziva Yoga,"Tg Pagar Rd, 84a 86a, Singapore 088507",6220 2500,http://www.zivayoga.com.sg/
Yoga Inc. Tiong Bahru,"21 Yong Siak St, Singapore 168651",9092 3922,http://www.yogainc.sg/
Masters' Yoga Sadhan,"77A Tg Pagar Rd, Singapore 088498",9774 8494,http://www.mastersyogasadhan.com/
Yoga Lab Raffles,"10 N Canal Rd, #02-00, Singapore 048823",,http://yogalab.com/
Yoga Inc. Punggol,"9 Sentul Cres, #01-03, Singapore 828654",9799 0818,http://www.yogainc.sg/
Hale Yoga,"144 Robinson Rd, #19-02 Robinson Square, Singapore 068908",6581 3200,http://hale.sg/
Yoga Movement Tanjong Pagar,"21 Tg Pagar Rd, #02-01, Singapore 088444",8139 9296,http://www.yogamovement.com/
The Yoga Space,"920 ECP, #01-11, Singapore 449875",,http://www.theyogaspace.sg/
Yoga Movement Orchard 22,"22 Orchard Rd, #02-01, Singapore 238885",6883 2209,http://www.yogamovement.com/
Yoga Lab CBD,"27 Boon Tat Street, Level 2 / 3, Singapore 069623",,http://yogalab.com/
Freedom Yoga,"137 Cecil St, #13-01, Singapore 069537",6222 6096,http://www.freedomyoga.sg/
Freedom Yoga,"25E Lor Liput, Singapore 277736",6463 4993,http://freedomyoga.sg/
Kate Porter Yoga East Coast,"#01-27 Marine Parade Rd, 5000G Laguna Park, Singapore 449290",9781 3403,http://www.kateporteryoga.com/
Tirisula Yoga Studio & Academy,"720 Geylang Rd, #02-01, Singapore 389631",,https://tirisulayoga.com/
Bliss Shala,"Ang Mo Kio Ave 5, Singapore 560648",9061 2229,http://www.blissshala.com/
Oasis Yoga,"Selegie Rd, #01-50 Selegie House, Block 10, Singapore 180010",6442 2881,http://www.oasisyoga.sg/
Yoga in Common,"22 Petain Rd, Singapore 208095",9698 5771,http://www.yoga-incommon.com/
Ananda Marga Yoga Society of Singapore - MacPherson Centre,"439 MacPherson Rd, Singapore 368150",6280 0653,http://amyogamacphersonsg.wixsite.com/website
BKS IYENGAR YOGASHALA SINGAPORE,"566A Serangoon Rd, Singapore 218181",9752 9118,https://sites.google.com/bksiyengaryogashala.com/iyengaryogasingapore/
Pure Yoga Asia Square Tower 2,"#06-02 Asia Square Tower 2, 12 Marina View, Singapore 018961",6100 8866,http://www.pure-yoga.com/singapore/
Hom Yoga Raffles Place,"3 Canton St, #02-01, Singapore 049745",6438 0103,https://www.homyoga.com/
Real Yoga - The Centrepoint,"176 Orchard Rd, #06-06/07 The Centrepoint, Singapore 238843",6734 2853,http://www.realyoga.com.sg/
Yoga Kalari,"19 Lichfield Rd, Singapore 556831",,
Pure Yoga Ngee Ann City,"Level 18, Ngee Ann City Tower A, 391A Orchard Rd, Singapore 238873",6733 8863,http://www.pure-yoga.com/
Nithya Priyan School Of Yoga,"235A South Bridge Rd, Singapore 058784",6909 0348,http://priyan.yoga/
Shambhala Yoga Centre Pte Ltd,"583 Orchard Rd, Singapore 238884",6733 8863,http://www.pure-yoga.com/
Hot Yoga Studio LAVA @ Great World City,"1 Kim Seng Promenade #02-102/103 Great World City, Singapore 237994",8823 9002,https://www.lava-yoga-global.com/
Yoga Lab East,"135/137 East Coast Road, #03-01 (directly above Zaffron Kitchen), Singapore 428820",,http://www.yogalab.com/
"Union Yoga Ayurveda, Beauty World Branch","Mandarin Park Shop Houses, 51 Chun Tin Road, Singapore 599625",6842 0885,http://www.unionyogaayurveda.com.sg/
Yoga Inn,"261 Waterloo St, Singapore 180261",6336 1295,http://www.yogainc.sg/
Living Yoga Singapore,"Bukit Batok West Ave 6, Singapore 650451",6100 4678,
FITTA Active Wear,"14 Scotts Road, Far East Plaza #04-119A, Singapore 228213",9685 6307,https://www.fittaactive.com/
Vivre Activewear Flagship,"1 HarbourFront Walk, #02-56 VivoCity, Singapore 098585",9017 5489,https://vivreactivewear.com/locations/vivo-city/
HJ Hom Yoga,"3 Canton St, #02-01, Singapore 049745",6438 0103,https://homyoga.com/
Yoga Inc Tampines,"1 Tampines Walk, #B1-06 Our Tampines Hub, Singapore 528523",9360 9860,http://www.yogainc.sg/
Touch The Toes,"107 North Bridge Rd, Level 2, Unit 18 TTT @The Green Collective Funan, Singapore 179105",9685 2848,https://www.touchthetoes.com/
Real Yoga - Tampines Grande,"9 Tampines Grande, #01-14/15, Singapore 528735",6604 6084,http://www.realyoga.com.sg/
OMG Yoga,"134 Jurong Gateway Rd, Singapore 600134",8754 4589,http://www.yogasingapore.net/
Yogapoint Singapore,"31B Kreta Ayer Rd, 3rd floor, Singapore 088998",9784 4058,https://www.yogapoint.com.sg/
Platinum Yoga Westgate Office Tower Jurong,"1 Gateway Drive, #26-01 Westgate Office Tower, Singapore 608531",6250 3893,https://www.platinumyoga.com/westgate/
Academy of Yoga International,"753 North Bridge Rd, Singapore 198721",9296 8197,http://academyofyoga.sg/
Outta Hatha Yoga,"80 Collyer Quay, Clifford Square, Singapore 049326",,http://www.outtahatha.com/
Platinum Yoga Westgate Mall,"Westgate Mall, 3 Gateway Dr, #05-03, Singapore 608532",6250 3893,https://platinumyoga.com/
Lorna Jane Singapore,"48 Club St, Singapore 069425",6221 8641,http://www.lornajane.sg/
Trium Fitness,"12 Kallang Ave, #03-01, Singapore 339511",8782 8633,http://trium.fitness/
Yumi Active,"364 Joo Chiat Rd, level 2, Singapore 427609",8767 2270,https://yumiactive.com/
ActiveSG Inclusive Gym,"264 Serangoon Central, Singapore 550264",6384 9639,http://www.myactivesg.com/
Genesis Gym - Personal Training Singapore,"Katong Shopping Centre, Annexe Block #04-01, 865 Mountbatten Rd, Singapore 437844",9337 4188,https://genesisgym.com.sg/katong/
Genesis Gym - Personal Training Singapore,"354, #01-06 Alexandra Rd, Alexis, Singapore 159948",9337 4188,https://genesisgym.com.sg/alexandra/
Genesis Gym - Personal Training Singapore,"17 Phillip St, Singapore 048695",9337 4188,https://genesisgym.com.sg/raffles-place/
CELL - boutique gym,"2 Pereira Rd, #07-02, Singapore 368024",8181 3847,http://www.trainercell.com/
The Junior Gymnastics Training Centre,"263A Bishan Street 22, Block 263a HDB Bishan (MSCP), Singapore 571263",9742 6716,http://www.thejuniorgymnastics.net/
Ritual Gym Robinson Road,"140 Robinson Rd, #03-01, Singapore 068907",6584 9469,http://www.ritualgym.com/
Level Gym | 137 Telok Ayer | Personal Training in CBD,"137 Telok Ayer St, #01-03, Singapore 068602",6222 4766,https://level.com.sg/
B'CARE Connection,"574 Hougang Street 51, Block 574, Singapore 530574",6340 4161,http://www.bcare.org.sg/
BBOUNCE Studio,"176 Orchard Road 06-09 The Centrepoint, Singapore 238843",6262 2272,http://www.bbouncestudio.com/
D'Fitness,"20 E Coast Rd, Level B Main Gym Floor, Singapore 428747",9666 1429,http://www.dfitness.com.sg/
Anytime Fitness Boon Keng,"294A Lavender St, Singapore 338807",8388 3512,https://anytime-fitness-boon-keng.business.site/?utm_source=gmb&utm_medium=referral
BFIT PHYSIO & FITNESS,"66 E Coast Rd, Unit 07-01 The Flow, Singapore 428778",8208 8038,http://www.bfit.sg/
Fitness Corner,"340/343 Clementi Ave 5, Singapore 120343",,
Bishan carpark B,"Ang Mo Kio Ave 1, Singapore",,
Sarah B Yoga,"779 Bukit Timah Rd, Balanced Living, Singapore 269758",8163 0106,http://www.sarahbyoga.net/
"SmartFit Singapore, Boutique Pilates and Fitness Studio","91 Tanglin Rd, 04-03, Tanglin Place, Singapore 247918",8571 8549,https://www.smartfit.com.sg/
O.M.GYM FITNESS,"464 Crawford Ln, Singapore 190464",8767 1073,http://www.omgymfitness.com/
Fitness First - Bugis Junction,"200 Victoria Street #04-02 Bugis Junction, Singapore 188021",6327 9167,https://www.fitnessfirst.com.sg/clubs/bugis-junction?utm_source=gmb&utm_medium=organic&utm_campaign=gmb-club-landing-page
Fitness First - 321 Clementi,"321 Clementi Ave 3, 6th & 7th floor, Singapore 129905",6538 4335,https://www.fitnessfirst.com.sg/clubs/321-clementi?utm_source=gmb&utm_medium=organic&utm_campaign=gmb-club-landing-page
Bruce Fitness,"1 Lor 22 Geylang, #01-07 Grandview Suites, Singapore 398664",6746 0476,https://www.facebook.com/BFCFam/
Fitness First - Fusionopolis,"1 Fusionopolis Way #23-11 & #24-00 Connexis North Tower, Singapore 138632",6438 4484,https://www.fitnessfirst.com.sg/clubs/fusionopolis?utm_source=gmb&utm_medium=organic&utm_campaign=gmb-club-landing-page
Fitness First - The Metropolis,"11 North Buona Vista Drive, #02-07 & #03-07, The Metropolis, Tower 2, Singapore 138589",6369 9987,https://www.fitnessfirst.com.sg/clubs/the-metropolis?utm_source=gmb&utm_medium=organic&utm_campaign=gmb-club-landing-page
Ministry of Fitness,"06-01 Telok Ayer Street Annex B (Above Amoy Food Centre, Mnd Building, Singapore 069111",8374 2520,http://www.ministryoffitnesssg.com/
Banyan Tree Fitness Club,"10 Bayfront Ave, Singapore 018956",6688 5533,http://www.marinabaysands.com/hotel/amenities/banyan-tree-fitness-club.html#SHGSQjuDAMTKriUV.97
Fitness First - One George Street,"1 George St, #05-01 One George Street, Singapore 049145",6538 7666,https://www.fitnessfirst.com.sg/clubs/one-george-street?utm_source=gmb&utm_medium=organic&utm_campaign=gmb-club-landing-page
Ziklag Fitness CBD,"68 South Bridge Rd, 66D, Singapore 418386",9170 1325,http://www.ziklagfitness.com/
CrossFit Singapore,"CT Hub 2 #01-23, 114 Lavender St, Singapore 338729",,http://www.crossfitsingapore.com.sg/
Orangetheory Fitness Robertson Quay,"38A Martin Rd, #02-01, Singapore 239059",6266 1715,https://robertson-quay.orangetheoryfitness.com/
King of Strength Boxing Gym,"345 Sembawang Rd, Singapore 758354",6969 3129,http://www.kosboxingym.sg/
MAST Fitness,"404 Joo Chiat Pl, The Yards, Singapore 428083",9026 9630,https://mastfitness.com/
SURFSET Singapore,"5 Stadium Dr Singapore Sports Hub Fitness Studio, OCBC Arena, Singapore 397631",9751 0793,https://www.surfset.sg/
Fitness First - Capital Tower,"168 #09-01, Robinson Rd, Capital Tower, Singapore 068912",6536 5595,https://www.fitnessfirst.com.sg/clubs/capital-tower?utm_source=gmb&utm_medium=organic&utm_campaign=gmb-club-landing-page
Extreme Fitness,"01-24/25 W Coast Dr, Singapore 128020",8522 6746,http://www.extremefitness.sg/
Ziklag Fitness CBD,"68 South Bridge Rd, 66D, Singapore 418386",9170 1325,http://www.ziklagfitness.com/
Ziklag Fitness,"74 Jalan Senang, Singapore 418386",9170 1325,http://www.ziklagfitness.com/
Pure Fitness Asia Square,"Level 6, Asia Square Tower 1, 8 Marina View, Singapore 018960",6100 2233,http://www.pure-fitness.com/
Green Curve SG EcoGym,"104 Amoy St, #03-01 MailBox 104 B, Singapore 069924",9005 0489,https://green-curve-sg.business.site/?utm_source=gmb&utm_medium=referral
Yishun ActiveSG Gym,"101 Yishun Ave 1, Singapore 769130",6851 8600,https://www.myactivesg.com/facilities/yishun-sports-centre
Fire City,"111C King George's Ave, Singapore 208559",9113 8587,http://www.crossfitfirecity.com/
Fitness First - One Raffles Quay,"1 Raffles Quay, #08-01 One Raffles Quay, Singapore 048583",6327 5550,https://www.fitnessfirst.com.sg/clubs/one-raffles-quay?utm_source=gmb&utm_medium=organic&utm_campaign=gmb-club-landing-page
Virgin Active Tanjong Pagar,"7 Wallich St, #06-01, Singapore 078881",6908 8920,http://virginactive.com.sg/
Hougang ActiveSG Sports Centre,"93 Hougang Ave 4, Singapore 538832",6315 8671,https://www.myactivesg.com/facilities/hougang-sports-centre
new:yu,"737(B Havelock Rd, Singapore 169653",9750 7028,http://www.new-yu.biz/
Gymsportz.sg,"7 Mandai Link, #05-27, Block B Mandai Connection, Singapore 728653",8333 9816,http://www.gymsportz.sg/
EQUIP,"78 Rifle Range Rd, Singapore 588384",6463 4924,http://www.equip.com.sg/
JR Fitness and Dance Pte Ltd,"1 Coleman St, B1, 19 The Adelphi, Singapore 179803",9857 9481,http://www.jrfitness.com.sg/
oompf! fitness,"130 E Coast Rd, Singapore 428815",6440 6188,http://www.oompf.com.sg/
Bespoke Fitness,"21 Media Cir, #01-06 Infinite Studios, Singapore 138562",6570 2778,http://www.bespokefitness.fit/
Anytime Fitness Eastpoint Mall,"3 Simei Street 6, EastPoint Mall, Singapore 528833",8128 0375,https://www.anytimefitness.sg/gyms/sg-0060/simei-central-singapore-528833/
B Yoga by Leigh,"205 Sunrise Terrace, Singapore 805351",9225 8475,https://m.facebook.com/B-Yoga-by-Leigh-546994525706973/
Neue Fit,"1 Stadium Pl, #02-07, Singapore 397628",8866 8748,http://www.neue.fit/
Fitness First - AMK Hub,"53 Ang Mo Kio Ave 3, #B1-36, Singapore 569933",6483 5775,https://www.fitnessfirst.com.sg/clubs/amk-hub?utm_source=gmb&utm_medium=organic&utm_campaign=gmb-club-landing-page
Anytime Fitness Bedok Central,"445 Bedok North Street 1, #03-01 Djitsun Mall, Singapore 469661",8168 1012,https://www.anytimefitness.sg/gyms/sg-0006/singapore-central-singapore-469661/
Fitness First - Junction 10,"1 Woodlands Rd, #02-01, Singapore 677899",6767 2406,https://www.fitnessfirst.com.sg/clubs/junction-10/
Fitness First - Paragon,"290 Orchard Rd, #08-13 Paragon, Singapore 238859",6737 7889,https://www.fitnessfirst.com.sg/clubs/paragon?utm_source=gmb&utm_medium=organic&utm_campaign=gmb-club-landing-page
UFC GYM Singapore Flagship Outlet,"1 Raffles Link, #B1-47, Singapore 039393",6219 3364,http://www.ufcgymsingapore.com/
Gold's Gym Personal Training - Tanjong Pagar,"118a Tg Pagar Rd, Singapore 088531",8153 7888,http://www.goldsgym.com.sg/
Anytime Fitness Potong Pasir,"15 Tai Thong Cres, Singapore 347849",8748 8208,http://anytimefitness.sg/gyms/SG-0047/singapore-central-singapore
Higher Ground Fitness,"695c E Coast Rd, Singapore 459059",6445 0156,http://www.hg-fitness.com/
Fitness First Paya Lebar,"10 Eunos Road 8 #02-104 Singapore Post Centre, Singapore 408600",6423 9128,https://www.fitnessfirst.com.sg/clubs/paya-lebar-singpost-centre?utm_source=gmb&utm_medium=organic&utm_campaign=gmb-club-landing-page
Gold's Gym Personal Training - Raffles Place,"18b Circular Rd, Singapore 049374",8153 7888,http://www.goldsgym.com.sg/
THE GYM,"42 E Coast Rd, #01-01, Singapore 428762",9173 3356,http://thegym.sg/
Anytime Fitness Kallang Wave,"1 Stadium Pl, #02-08, Singapore 397628",8809 7170,http://www.anytimefitness.sg/gyms/SG-0024/kallang-south-east
Fitness First - Westgate,"3 Gateway Drive, mall, #05-01 Westgate, Singapore 608532",6438 5695,https://www.fitnessfirst.com.sg/clubs/westgate?utm_source=gmb&utm_medium=organic&utm_campaign=gmb-club-landing-page
Solitude of Strength,"48 Woodleigh Park, Unit #6, The Arena, Singapore 357844",8123 4362,http://solitudeofstrength.com/
FAME.SG 24/7 GYM,"231 Mountbatten Rd, Block D Urban Mangrove, Singapore 397999",9843 6278,http://www.fame.sg/
Anytime Fitness Paya Lebar,"OneKM Mall 11, #02-01 Tanjong Katong Rd, Singapore 437157",9154 4755,https://www.anytimefitness.sg/gyms/sg-0034/singapore-south-east-437157/
UFIT CBD Hub - Club Street,"21 Club St, #01-01, Singapore 069410",6225 5059,https://www.ufit.com.sg/clubstreet
Space & Light Yoga,"402 Orchard Road, 06-01/02 Delfi Orchard, Singapore 238876",9691 7828,http://www.spaceandlightyoga.com/
"Union Yoga Ayurveda, Outram Park branch","1 Teo Hong Road, #01-02, (S)-088721, Park MRT Exit-H, Singapore 088721",8321 6170,https://www.unionyogaayurveda.com.sg/
Music Love Yoga,"89 E Coast Rd, #02-01, Singapore 428790",8109 9932,
Yoga Vihara,"15 Yan Kit Rd, Singapore 088267",6224 7730,http://www.yogavihara.com.sg/
Yogabar,"Far East Shopping Centre #16-01, 545 Orchard Road, Singapore 238882",8781 8254,http://www.yogabar.sg/
Lotus Yog,"#01-34 Viva Vista Mall, 3 South Buona Vista Rd, Singapore 118136",9091 6525,http://www.lotusyog.com/
Ananda Marga Yoga Society of Singapore,"18 Waringin Park, Sin Chuan Garden, Singapore 416331",6344 6519,http://anandamarga.org.sg/
Balancing Rocks Yoga Studio - Iyengar Yoga Tradition,"287 Beach Rd, Singapore 199551",8448 0868,http://www.yoga-balancingrocks.com/
So Yoga,"920 ECP, Singapore 449875",9632 4032,http://www.soyoga.com.sg/
Yoga Movement East Coast,"237 E Coast Rd, Singapore 428930",6344 0442,http://www.yogamovement.com/
FitEleven,"239 Jln Besar, Singapore 208912",6873 1233,http://www.fiteleven.com/
Sahaja Yoga Meditation,"140 Paya Lebar Rd, #07-15 AZ Building, Singapore 409015",9237 4027,http://www.singaporemeditation.org/
GYMMBOXX Bedok Point,"799 New Upper Changi Rd, #04-08/19 Bedok Point, Singapore 467351",,
Fitness Factory,"82 Boat Quay, Singapore 049870",6535 0851,http://www.fitnessfactory.com.sg/
Anytime Fitness hillV2,"4 Hillview Rise, #02-18/19, Singapore 667979",9859 4295,http://anytimefitness.sg/gyms/sg-0048/singapore-central-singapore-667979/
Dennis Gym Farrer Park,"159b Kitchener Road opp of City Sq Condo, Beside Tai Hoe Hotel, Singapore 208530",8543 2903,http://www.dennisgym.com/
Fitness First - The Cathay Dhoby Ghaut,"2 Handy Rd, #04-05 The Cathay, Singapore 229233",6732 4111,https://www.fitnessfirst.com.sg/clubs/the-cathay-dhoby-ghaut?utm_source=gmb&utm_medium=organic&utm_campaign=gmb-club-landing-page
Fitness Workz Gym,"2 Bukit Batok West Ave 7, Singapore 659003",6705 9473,https://www.hometeamns.sg/fitness-workz-gym/
Anytime Fitness Tanjong Pagar,"10 Anson Rd, #03-41 International Plaza, Singapore 079903",9477 1182,https://www.anytimefitness.sg/gyms/SG-0007/singapore-central-singapore-079903
Anytime Fitness Upper Cross Street,"531 Upper Cross Street #01-07, Hong Lim Complex, Singapore 050531",9835 1152,https://anytimefitness.sg/gyms/SG-0042/singapore-south-east-050531
Crossfit Bukit Timah,"220 Turf Club Rd, Singapore 288001",6225 5059,https://www.ufit.com.sg/bukit-timah
Contours Express Women's Gym Bedok,"Blk, 210 New Upper Changi Rd, #02-703, Singapore 460210",6447 8919,http://www.contoursexpress.com.sg/
GYMMBOXX JCube,"2 Jurong East Central 1, #03-04 to 06 JCube, Singapore 609731",,
Fitness First - 321 Clementi,"321 Clementi Ave 3, 6th & 7th floor, Singapore 129905",6538 4335,https://www.fitnessfirst.com.sg/clubs/321-clementi?utm_source=gmb&utm_medium=organic&utm_campaign=gmb-club-landing-page
Fitness First - Tampines (CPF building),"1 Tampines Central #04-01 & #05-01, CPF Building, Singapore 529508",6438 5998,https://www.fitnessfirst.com.sg/clubs/tampines-cpf-building?utm_source=gmb&utm_medium=organic&utm_campaign=gmb-club-landing-page
Fitness First - Westgate,"3 Gateway Drive, mall, #05-01 Westgate, Singapore 608532",6438 5695,https://www.fitnessfirst.com.sg/clubs/westgate?utm_source=gmb&utm_medium=organic&utm_campaign=gmb-club-landing-page
Fitness First - AMK Hub,"53 Ang Mo Kio Ave 3, #B1-36, Singapore 569933",6483 5775,https://www.fitnessfirst.com.sg/clubs/amk-hub?utm_source=gmb&utm_medium=organic&utm_campaign=gmb-club-landing-page
Fitness First - Market Street (Raffles Place),"63 Market Street #02-01 & #03-01 Bank of Singapore Centre, Singapore 048942",6438 3163,https://www.fitnessfirst.com.sg/clubs/marketstreet?utm_source=gmb&utm_medium=organic&utm_campaign=gmb-club-landing-page
Fitness First - The Cathay Dhoby Ghaut,"2 Handy Rd, #04-05 The Cathay, Singapore 229233",6732 4111,https://www.fitnessfirst.com.sg/clubs/the-cathay-dhoby-ghaut?utm_source=gmb&utm_medium=organic&utm_campaign=gmb-club-landing-page
Fitness First - Paragon,"290 Orchard Rd, #08-13 Paragon, Singapore 238859",6737 7889,https://www.fitnessfirst.com.sg/clubs/paragon?utm_source=gmb&utm_medium=organic&utm_campaign=gmb-club-landing-page
Fitness First - Fusionopolis,"1 Fusionopolis Way #23-11 & #24-00 Connexis North Tower, Singapore 138632",6438 4484,https://www.fitnessfirst.com.sg/clubs/fusionopolis?utm_source=gmb&utm_medium=organic&utm_campaign=gmb-club-landing-page
Fitness First - Junction 10,"1 Woodlands Rd, #02-01, Singapore 677899",6767 2406,https://www.fitnessfirst.com.sg/clubs/junction-10/
Fitness First - The Metropolis,"11 North Buona Vista Drive, #02-07 & #03-07, The Metropolis, Tower 2, Singapore 138589",6369 9987,https://www.fitnessfirst.com.sg/clubs/the-metropolis?utm_source=gmb&utm_medium=organic&utm_campaign=gmb-club-landing-page
Fitness First,"100 Tras St, #04 - 16B, Singapore 079027",6636 0820,https://www.fitnessfirst.com.sg/clubs/100-am-tanjong-pagar?utm_source=gmb&utm_medium=organic&utm_campaign=gmb-club-landing-page
Bluegym Pte Ltd,"183 Jln Pelikat, #B1-38, Singapore 537643",9477 4112,
GYMMBOXX Keat Hong,"2 Choa Chu Kang Loop, #04-02 Keat Hong CC, Singapore 689687",,https://gymmboxx.com/our-gyms/keat-hong/
Anytime Fitness Bukit Timah,"Upper Bukit Timah Rd, #B1-01 Shopping Centre, Singapore 588179",8129 0889,https://www.anytimefitness.sg/gyms/sg-0032/bukit-timah-central-singapore-588179/
Anytime Fitness Northpoint City,"Northpoint City, 1 NorthPoint Dr, 2F 175-178, Singapore 768019",6481 4737,https://www.anytimefitness.sg/gyms/sg-0054/yishun-northpoint-city-north-east-768019/
Anytime Fitness Sembawang,"#02-14 Sembawang Shopping Centre, 604 Sembawang Rd, Singapore 758459",9817 5045,https://www.anytimefitness.sg/gyms/SG-0018/singapore-north-west-758459/
Anytime Fitness nex,"23 Serangoon Central, #04-73/74/75 nex, Serangoon Central, Central Singapore, Singapore 556083",6555 3400,http://www.anytimefitness.sg/gyms/SG-0010/singapore-central-singapore-556083
Anytime Fitness hillV2,"4 Hillview Rise, #02-18/19, Singapore 667979",9859 4295,http://anytimefitness.sg/gyms/sg-0048/singapore-central-singapore-667979/
Anytime Fitness Ang Mo Kio,"4190, #01-02 Ang Mo Kio Ave 6, Broadway Plaza, Singapore 569841",8388 5213,https://www.anytimefitness.sg/gyms/sg-0008/singapore-north-east-singapore-569841/
Anytime Fitness Bukit Timah,"Upper Bukit Timah Rd, #B1-01 Shopping Centre, Singapore 588179",8129 0889,https://www.anytimefitness.sg/gyms/sg-0032/bukit-timah-central-singapore-588179/
Anytime Fitness Balestier,"288 Balestier Road Balestier, Central, Singapore 329731",8714 9366,https://anytimefitness.sg/gyms/SG-0016/balestier-central-singapore-329731
Anytime Fitness Kovan,"JForte Sportainment Centre, 50 Hougang Ave 1, Level 2, Singapore 538885",6280 8800,https://www.anytimefitness.sg/gyms/SG-0044/singapore-north-east/
Anytime Fitness Kallang Wave,"1 Stadium Pl, #02-08, Singapore 397628",8809 7170,http://www.anytimefitness.sg/gyms/SG-0024/kallang-south-east
Anytime Fitness Potong Pasir,"15 Tai Thong Cres, Singapore 347849",8748 8208,http://anytimefitness.sg/gyms/SG-0047/singapore-central-singapore
Anytime Fitness Tanjong Pagar,"10 Anson Rd, #03-41 International Plaza, Singapore 079903",9477 1182,https://www.anytimefitness.sg/gyms/SG-0007/singapore-central-singapore-079903
Anytime Fitness Valley Point,"Valley Point Shopping Centre 491, #02-02 River Valley Rd, Singapore 248371",6737 0121,http://www.anytimefitness.sg/gyms/sg-0005/singapore-central-singapore-248371
Anytime Fitness Northpoint City,"Northpoint City, 1 NorthPoint Dr, 2F 175-178, Singapore 768019",6481 4737,https://www.anytimefitness.sg/gyms/sg-0054/yishun-northpoint-city-north-east-768019/
Anytime Fitness Buangkok,"Hougang Green Shopping Mall, 21 Hougang Street 51, #02-13A, Singapore 538719",8555 3059,https://www.anytimefitness.sg/gyms/sg-0046/singapore-central-singapore-538719/
Anytime Fitness Sembawang,"#02-14 Sembawang Shopping Centre, 604 Sembawang Rd, Singapore 758459",9817 5045,https://www.anytimefitness.sg/gyms/SG-0018/singapore-north-west-758459/
Anytime Fitness,"9 Tampines Street 32, #02-01, Singapore 529286",9017 3533,https://www.anytimefitness.sg/gyms/sg-0025/singapore-south-east-529286/
Anytime Fitness Eastpoint Mall,"3 Simei Street 6, EastPoint Mall, Singapore 528833",8128 0375,https://www.anytimefitness.sg/gyms/sg-0060/simei-central-singapore-528833/
360 Fitness,"137 Cecil St, #06-01 Hengda Building, Singapore 069537",6236 0360,http://www.studio360fitness.com/
Contours Express Women's Gym Woodlands,"Woodlands Street 81, #01-292 Block 871, Singapore 730871",6368 3068,http://www.contoursexpress.com.sg/
Fitness Network Pte Ltd,"Sungrove 91 West Coast Grove(S)127884, Singapore 127884",6872 2201,
Singapore Fitness Instructors Association,"Tampines Sports Hall, 495 Tampines Avenue 5 (S)529649, Singapore 529649",6782 1633,
Anytime Fitness Jalan Besar,"Rehau Building 1, #01-00 King George's Ave, Singapore 208557",9788 9620,https://www.anytimefitness.sg/gyms/sg-0049/jalan-besar-central-singapore-s208557/
FaMA - Fitness and Martial Arts,"3A River Valley Road, #02-03 Clarke Quay, Blk A, Singapore 179020",6352 0992,https://famafit.com/
Fit Factory Fitness,"48 Woodleigh Park, Singapore 357844",,
Level Gym | 137 Telok Ayer | Personal Training in CBD,"137 Telok Ayer St, #01-03, Singapore 068602",6222 4766,https://level.com.sg/
Level Gym | Personal Training in Raffles Place,"14 Robinson Rd, #01-00, Singapore 048545",6787 9560,http://www.level.com.sg/
Ananda Marga Yoga Society Of S'pore,"27 Wilkinson Rd, Singapore 436686",6344 6519,
Sporty Joe's Enterprises Pte Ltd,"Turf City Shopping Mall #02-10, 200 Turf Club Road(S)287994, Singapore 287994",6468 1103,
Reflex-o Recreations Pte Ltd,"970 Toa Payoh N, #02-10/11, Singapore 318992",6252 4766,http://www.reflex-o.com.sg/
The System Gym,"23 Kampong Bahru Rd, #01-01, Singapore 169349",6221 6069,http://www.thesystemgym.com/
Dungeon Combat Fitness Gym,"9D Jurong Pier Road MEP BUILDING Blk 3 Level 2, S, Singapore 619161",,
27 Singapore Fit Clubs,"30 Tampines Avenue 7, SUN PLAZA PARK, Singapore 529621",9383 8656,http://www.fitclub.sg/
IDANCE YOGA & FITNESS STUDIO,"1 Irving Pl, #06-05, Singapore 369546",6909 8233,http://www.idancestudiosg.com/
Refindery Fitness,"46 Kim Yam Rd, 02-25 The Herencia, Singapore 239351",8121 3245,http://www.refinderyfitness.com/
Yoga Tribe,"1 Maju Ave, Singapore 556679",8322 1251,
Iyengar Yoga Singapore Goldhill Centre,"Goldhill Plaza (Podium Block) #02 - 31, Singapore 308899",6356 5202,http://www.iyengaryoga.sg/
One Wellness,"164A/165A/166A, New Bugis St, Singapore 188440",6221 9663,http://www.onewellness.com.sg/
The Yoga Place,"328 King George's Ave, Singapore 208568",,
Yoga Movement Robertson Quay,"22 Martin Rd, #02-01, Singapore 239058",6262 2414,http://yogamovement.com/
Raja Yoga Centre,"7 Hindoo Rd, Singapore 209108",6441 1411,
Yoga Bugs,"200 Turf Club Rd, Singapore 287994",6469 1873,
JR Yoga Singapore,"Tan Quee Lan St, 9 Tan Quee Lan Suites, 02-02, Singapore 188098",9857 9481,http://www.jryoga.com.sg/
Glow Yoga,"43 Jln Merah Saga, Singapore 278115",,
Sweatbox Yoga OUE,"6a Shenton Way, #05-01, Singapore 068815",,http://sweatboxyoga.com.sg/
Aerial Fitness Studio,"CT HUB 2 #01-42, 114 Lavender St, Singapore 338729",,https://www.aerialfitness.sg/
Vethathiri Maharishi Simplified Kundalini Yoga Society,"21B Clementi Cres, Singapore 599526",6336 6316,
Union Yoga Ayurveda Upper Bukit Timah,"110 Upper Bukit Timah Rd, Singapore 588169 Upper Bukit Timah Rd, Singapore 588170",6842 0885,
Pure Yoga Suntec City,"#01-501, Suntec City Mall North Atrium, 3 Temasek Blvd, Singapore 038983",6100 8818,http://www.pure-yoga.com/
Pilates Fitness - Telok Blangah Reformer Studio,"52 Telok Blangah Rd, #02-13/14, Singapore 098829",9184 7622,http://www.pilatesfitness.com.sg/
Yaatra Movement Studio,"114 Neil Rd, Singapore 088852",6526 8716,https://whattherapy.com/holistic-health-wellness-directory/861/yaatra-pilates-yoga-cardio-dance/
International Yoga Centre Singapore,"57 Oxley Rd, Singapore 238642",6736 1958,
Bikram Original Hot Yoga,"9 Scotts Rd, 5th Floor Pacific Plaza, Singapore 228210",6735 9555,
FlyWith Fitness,"48 Woodleigh Park, Singapore 357844",,http://www.flywithfitness.com/
Republic of Yoga,"405 Sin Ming Ave, Singapore 570405",(778) 231-6875,http://www.republicofyoga.org/
Real Yoga Pte. Ltd.,"176 Orchard Rd, Singapore 238843",6734 2853,http://www.realyoga.com.sg/
Aum Yoga - Yoga East Singapore,"4 Everitt Rd N, Singapore 428518",8299 4080,
